date,time,tweets
Jan. 20,7:31 a.m.,It all begins today! I will see you at 11:00 A.M. for the swearing-in. THE MOVEMENT CONTINUES - THE WORK BEGINS!
Jan. 20,12:51 p.m.," Today we are not merely transferring power from one Administration to another, or from one party to another – but we are transferring…"
Jan. 20,12:51 p.m.," power from Washington, D.C. and giving it back to you, the American People. #InaugurationDay"
Jan. 20,12:52 p.m.," What truly matters is not which party controls our government, but whether our government is controlled by the people."
Jan. 20,12:53 p.m.," January 20th 2017, will be remembered as the day the people became the rulers of this nation again."
Jan. 20,12:54 p.m.," The forgotten men and women of our country will be forgotten no longer. From this moment on, it’s going to be #AmericaFirst"
Jan. 20,12:54 p.m., We will bring back our jobs. We will bring back our borders. We will bring back our wealth - and we will bring back our dreams!
Jan. 20,12:55 p.m., We will follow two simple rules: BUY AMERICAN & HIRE AMERICAN! #InaugurationDay #MAGA
Jan. 20,12:58 p.m., It is time to remember that... facebook.com/DonaldTrump/po…
Jan. 20,1:00 p.m.,"So to all Americans, in every city near and far, small and large, from mountain to mountain... facebook.com/DonaldTrump/po..."
Jan. 20,1:13 p.m.,TO ALL AMERICANS facebook.com/DonaldTrump/po…
Jan. 20,11:56 p.m.," THANK YOU for another wonderful evening in Washington, D.C. TOGETHER, we will MAKE AMERICA GREAT AGAIN"
,12:09 a.m.," I am honered to serve you, the great American People, as your 45th President of the United States!"
Jan. 21,6:53 a.m.,A fantastic day and evening in Washington D.C.Thank you to @FoxNews and so many other news outlets for the GREAT reviews of the speech!
,12:09 p.m.," I am honored to serve you, the great American People, as your 45th President of the United States!"
Jan. 21,6:54 p.m.,RT @WhiteHouse: “Do not allow anyone to tell you that it cannot be done. No challenge can match the HEART and FIGHT and SPIRIT of America.” - @POTUS
Jan. 22,7:35 a.m.,"Had a great meeting at CIA Headquarters yesterday, packed house, paid great respect to Wall, long standing ovations, amazing people. WIN!"
Jan. 22,7:47 a.m.,Watched protests yesterday but was under the impression that we just had an election! Why didn’t these people vote? Celebs hurt cause badly.
Jan. 22,7:51 a.m.,"Wow, television ratings just out: 31 million people watched the Inauguration, 11 million more than the very good ratings from 4 years ago!"
Jan. 23,6:38 a.m.,Busy week planned with a heavy focus on jobs and national security. Top executives coming in at 9:00 A.M. to talk manufacturing in America.
Jan. 24,6:11 a.m.,Will be meeting at 9:00 with top automobile executives concerning jobs in America. I want new plants to be built here for cars sold here!
Jan. 24,11:58 a.m., A photo delivered yesterday that will be displayed in the upper/lower press hall. Thank you Abbas!
Jan. 24,12:04 p.m.," Great meeting with automobile industry leaders at the @WhiteHouse this morning. Together, we will #MAGA!"
Jan. 24,12:49 p.m., Signing orders to move forward with the construction of the Keystone XL and Dakota Access pipelines in the Oval Office.
Jan. 24,7:46 p.m.,Great meeting with Ford CEO Mark Fields and General Motors CEO Mary Barra at the @WhiteHouse today.
Jan. 24,9:16 p.m.,Congratulations to @FoxNews for being number one in inauguration ratings. They were many times higher than FAKE NEWS @CNN - public is smart!
Jan. 24,9:25 p.m.,"If Chicago doesn’t fix the horrible “carnage” going on, 228 shootings in 2017 with 42 killings (up 24% from 2016), I will send in the Feds!"
Jan. 24,9:37 p.m.,"Big day planned on NATIONAL SECURITY tomorrow. Among many other things, we will build the wall!"
Jan. 25,7:10 a.m.,"I will be asking for a major investigation into VOTER FRAUD, including those registered to vote in two states, those who are illegal and...."
Jan. 25,7:13 a.m.,"even, those registered to vote who are dead (and many for a long time). Depending on results, we will strengthen up voting procedures!"
Jan. 25,7:17 a.m.,I will be making my Supreme Court pick on Thursday of next week.Thank you!
Jan. 25,5:05 p.m.,I will be interviewed by @DavidMuir tonight at 10 o’clock on @ABC. Will be my first interview from the White House. Enjoy!
Jan. 25,7:03 p.m.,"Beginning today, the United States of America gets back control of its borders. Full speech from today @DHSgov: bit.ly/2jSZomhDHS"
Jan. 25,9:14 p.m.,"As your President, I have no higher duty than to protect the lives of the American people."
Jan. 25,9:45 p.m.,“@romoabcnews: .@DavidMuir first @POTUS interview since taking office. Tonight on @ABCWorldNews @ABC2020 tonight.”
Jan. 25,9:48 p.m.,Interview with David Muir of @ABC News in 10 minutes. Enjoy!
Jan. 26,6:04 a.m.,"Ungrateful TRAITOR Chelsea Manning, who should never have been released from prison, is now calling President Obama a weak leader. Terrible!"
Jan. 26,8:51 a.m.,The U.S. has a 60 billion dollar trade deficit with Mexico. It has been a one-sided deal from the beginning of NAFTA with massive numbers…
Jan. 26,8:55 a.m.,"of jobs and companies lost. If Mexico is unwilling to pay for the badly needed wall, then it would be better to cancel the upcoming meeting."
,2:15 p.m.,"Spoke at the Congressional @GOP Retreat in Philadelphia, PA. this afternoon w/ @VP, @SenMajLeader, @SpeakerRyan. Thank you for your support!"
Jan. 26,2:21 p.m.,"Spoke at the Congressional @GOP Retreat in Philadelphia, PA. this afternoon w/ @VP,  @SenateMajLdr, @SpeakerRyan. Thank you for your support!"
Jan. 26,6:45 p.m.,Will be interviewed by @SeanHannity on @FoxNews at 10:00pm tonight. Enjoy!
Jan. 26,6:53 p.m.,Miami-Dade Mayor drops sanctuary policy. Right decision. Strong!  www.miamiherald.com/ne…
Jan. 27,8:12 a.m.,"Look forward to seeing final results of VoteStand. Gregg Phillips and crew say at least 3,000,000 votes were illegal. We must do better!"
Jan. 27,8:19 a.m.,"Mexico has taken advantage of the U.S. for long enough. Massive trade deficits & little help on the very weak border must change, NOW!"
Jan. 27,11:27 a.m., The #MarchForLife is so important. To all of you marching --- you have my full support!
Jan. 27,11:30 a.m., .@VP Mike Pence will be speaking at today’s #MarchForLife -- You have our full support! “@VP: Honored to meet with Pro-Life leaders in my office tonight. Just told them I look forward to addressing National @March_for_Life on Friday.”
Jan. 27,3:20 p.m.,Statement on International Holocaust Remembrance Day: whitehouse.gov/the-press-offi...
Jan. 27,5:00 p.m.,Congratulations Secretary Mattis!
Jan. 27,6:46 p.m.,I promise that our administration will ALWAYS have your back. We will ALWAYS be with you!
Jan. 28,8:04 a.m.,"The failing @nytimes has been wrong about me from the very beginning. Said I would lose the primaries, then the general election. FAKE NEWS!"
Jan. 28,8:08 a.m.,Thr coverage about me in the @nytimes and the @washingtonpost gas been so false and angry that the times actually apologized to its.....
Jan. 28,8:16 a.m.,"...dwindling subscribers and readers.They got me wrong right from the beginning and still have not changed course, and never will. DISHONEST"
Jan. 28,10:42 a.m.," Today, we remember the crew of the Space Shuttle Challenger, 31 years later. #NeverForget"
,5:50 p.m.,I will be interviewed by @TheBrodyFile on @CBNNews tonight at 11pm. Enjoy!
Jan. 29,8:00 a.m.,Somebody with aptitude and conviction should buy the FAKE NEWS and failing @nytimes and either run it correctly or let it fold with dignity!
Jan. 29,8:08 a.m.,"Our country needs strong borders and extreme vetting, NOW. Look what is happening all over Europe and, indeed, the world - a horrible mess!"
Jan. 29,4:45 p.m.,The joint statement of former presidential candidates John McCain & Lindsey Graham is wrong - they are sadly weak on immigration. The two…
Jan. 29,4:49 p.m.,"...Senators should focus their energies on ISIS, illegal immigration and border security instead of always looking to start World War III."
Jan. 29,6:28 p.m.,Statement Regarding Recent Executive Order Concerning Extreme Vetting: facebook.com/DonaldTrump/po…
Jan. 29,6:39 p.m.,I will be interviewed by @TheBrodyFile on @CBNNews tonight at 11pm. Enjoy!
Jan. 30,7:16 a.m.,"Only 109 people out of 325,000 were detained and held for questioning. Big problems at airports were caused by Delta computer outage,....."
Jan. 30,7:20 a.m.,protesters and the tears of Senator Schumer. Secretary Kelly said that all is going well with very few problems. MAKE AMERICA SAFE AGAIN!
Jan. 30,7:27 a.m.,There is nothing nice about searching for terrorists before they can enter our country. This was a big part of my campaign. Study the world!
Jan. 30,8:31 a.m.,"If the ban were announced with a one week notice, the “bad” would rush into our country during that week. A lot of bad “dudes” out there!"
Jan. 30,8:43 a.m.,I have made my decision on who I will nominate for The United States Supreme Court. It will be announced live on Tuesday at 8:00 P.M. (W.H.)
Jan. 30,9:23 a.m.,Where was all the outrage from Democrats and the opposition party (the media) when our jobs were fleeing our country?
Jan. 30,4:07 p.m.,"The American dream is back. We’re going to create an environment for small business like we haven’t had in many,  many, many decades!"
Jan. 30,7:45 p.m.,The Democrats are delaying my cabinet picks for purely political reasons. They have nothing going but to obstruct. Now have an Obama A.G.
Jan. 30,6:21 a.m.,Nancy Pelosi and Fake Tears Chuck Schumer held a rally at the steps of The Supreme Court and mic did not work (a mess)-just like Dem party!
Jan. 30,6:27 a.m.,When will the Democrats give us our Attorney General and rest of Cabinet! They should be ashamed of themselves! No wonder D.C. doesn’t work!
Jan. 30,7:31 p.m.,Getting ready to deliver a VERY IMPORTANT DECISION! 8:00 P.M.
Jan. 30,8:01 p.m.,Join me live from the @WhiteHouse. facebook.com/POTUS/videos/1…
Jan. 30,10:45 p.m.," Hope you like my nomination of Judge Neil Gorsuch for the United States Supreme Court. He is a good and brilliant man, respected by all."
Feb. 1,10:06 p.m., Iran is rapidly taking over more and more of Iraq even after the U.S. has squandered three trillion dollars there. Obvious long ago!
Feb. 1,10:55 p.m., Do you believe it? The Obama Administration agreed to take thousands of illegal immigrants from Australia. Why? I will study this dumb deal!
Feb. 2,6:13 a.m.,If U.C. Berkeley does not allow free speech and practices violence on innocent people with a different point of view - NO FEDERAL FUNDS?
Feb. 2,6:18 a.m.,Congratulations to Rex Tillerson on being sworn in as our new Secretary of State. He will be a star!
Feb. 2,6:25 a.m.,Attending Chief Ryan Owens’ Dignified Transfer yesterday with my daughter Ivanka was my great honor. To a great and brave man - thank you!
Feb. 2,6:34 a.m.,Iran has been formally PUT ON NOTICE for firing a ballistic missile.Should have been thankful for the terrible deal the U.S. made with them!
Feb. 2,6:39 a.m.,Iran was on its last legs and ready to collapse until the U.S. came along and gave it a life-line in the form of the Iran Deal: $150 billion
Feb. 2,12:29 p.m.," Thank you, @Samsung! We would love to have you! axios.com/trump-effect-sams..."
Feb. 3,6:24 a.m.,"Yes, Arnold Schwarzenegger did a really bad job as Governor of California and even worse on the Apprentice...but at least he tried hard!"
Feb. 3,6:28 a.m.,Iran is playing with fire - they don’t appreciate how “kind” President Obama was to them. Not me!
Feb. 3,6:34 a.m.,Thank you to Prime Minister of Australia for telling the truth about our very civil conversation that FAKE NEWS media lied about. Very nice!
Feb. 3,6:41 a.m.,"Meeting with biggest business leaders this morning. Good jobs are coming back to U.S., health care and tax bills are being crafted NOW!"
Feb. 3,6:48 a.m.,"Professional anarchists, thugs and paid protesters are proving the point of the millions of people who voted to MAKE AMERICA GREAT AGAIN!"
Feb. 3,7:51 a.m.,A new radical Islamic terrorist has just attacked in Louvre Museum in Paris. Tourists were locked down. France on edge again. GET SMART U.S.
Feb. 3,6:08 p.m.,We must keep “evil” out of our country!
Feb. 3,10:07 p.m., Countries charge U.S. companies taxes or tariffs while the U.S. charges them nothing or little.We should charge them SAME as they charge us!
Feb. 4,7:59 a.m.,"When a country is no longer able to say who can, and who cannot , come in & out, especially for reasons of safety &.security - big trouble!"
Feb. 4,8:06 a.m.,Interesting that certain Middle-Eastern countries agree with the ban. They know if certain people are allowed in it’s death & destruction!
Feb. 4,8:12 a.m.,"The opinion of this so-called judge, which essentially takes law-enforcement away from our country, is ridiculous and will be overturned!"
Feb. 4,8:39 a.m.,"After being forced to apologize for its bad and inaccurate coverage of me after winning the election, the FAKE NEWS @nytimes is still lost!"
Feb. 4,3:44 p.m.,"What is our country coming to when a judge can halt a Homeland Security travel ban and anyone, even with bad intentions, can come into U.S.?"
Feb. 4,4:44 p.m.,"Because the ban was lifted by a judge, many very bad and dangerous people may be pouring into our country. A terrible decision"
Feb. 4,6:37 p.m.,"Why aren’t the lawyers looking at and using the Federal Court decision in Boston, which is at conflict with ridiculous lift ban decision?"
Feb. 4,7:34 p.m.,Interview with @oreillyfactor on Fox Network - 4:00 P.M. (prior to Super Bowl). Enjoy!
Feb. 4,7:48 p.m.,The judge opens up our country to potential terrorists and others that do not have our best interests at heart. Bad people are very happy!
Feb. 5,3:39 p.m.,Just cannot believe a judge would put our country in such peril. If something happens blame him and court system. People pouring in. Bad!
Feb. 5,3:42 p.m.,I have instructed Homeland Security to check people coming into our country VERY CAREFULLY. The courts are making the job very difficult!
,3:47 p.m.,I will be interviewed by @oreillyfactor at 4:00 P.M. (prior to the #SuperBowl Pre-game Show) on Fox Network. Enjoy!
Feb. 5,5:49 p.m.,Enjoy the #SuperBowl and then we continue: MAKE AMERICA GREAT AGAIN!
Feb. 5,10:36 p.m.," What an amazing comeback and win by the Patriots. Tom Brady, Bob Kraft and Coach B are total winners. Wow!"
Feb. 6,7:01 a.m.,"Any negative polls are fake news, just like the CNN, ABC, NBC polls in the election. Sorry, people want border security and extreme vetting."
Feb. 6,7:07 a.m.,"I call my own shots, largely based on an accumulation of data, and everyone knows it. Some FAKE NEWS media, in order to marginalize, lies!"
Feb. 6,11:27 a.m., Will be interviewed on @oreillyfactor tonight at 8:00 P.M.
Feb. 6,11:32 a.m.," The failing @nytimes writes total fiction concerning me. They have gotten it wrong for two years, and now are making up stories & sources!"
Feb. 6,6:33 p.m.,An extended interview from the Super Bowl with @oreillyfactor airs tonight at 8:00 P.M. Enjoy!
Feb. 6,9:33 p.m.,The failing @nytimes was forced to apologize to its subscribers for the poor reporting it did on my election win. Now they are worse!
Feb. 6,9:49 p.m.,"The threat from radical Islamic terrorism is very real, just look at what is happening in Europe and the Middle-East. Courts must act fast!"
,7:04 a.m.,"I don’t know Putin, have no deals in Russia, and the haters are going crazy - yet Obama can make a deal with Iran, #1in terror, no problem!"
Feb. 7,7:11 a.m.,"I don’t know Putin, have no deals in Russia, and the haters are going crazy - yet Obama can make a deal with Iran, #1 in terror, no problem!"
Feb. 7,11:25 a.m., An honor having the National Sheriffs’ Assoc. join me at the @WhiteHouse. Incredible men & women who protect & serve 24/7/365. THANK YOU!!
Feb. 7,8:04 p.m.,"It is a disgrace that my full Cabinet is still not in place, the longest such delay in the history of our country. Obstruction by Democrats!"
Feb. 8,7:03 a.m.,"If the U.S. does not win this case as it so obviously should, we can never have the security and safety to which we are entitled. Politics!"
Feb. 8,8:04 a.m.,"I will be speaking at 9:00 A.M. today to Police Chiefs and Sheriffs and will be discussing the horrible, dangerous and wrong decision......."
Feb. 8,10:23 a.m., Thank you to our great Police Chiefs & Sheriffs for your leadership & service. You have a true friend in the @WhiteHouse. We support you!
Feb. 8,10:51 a.m., My daughter Ivanka has been treated so unfairly by @Nordstrom. She is a great person -- always pushing me to do the right thing! Terrible!
Feb. 8,10:54 a.m., ‘16 Fake News Stories Reporters Have Run Since Trump Won’ thefederalist.com/20…
Feb. 8,12:41 p.m.," Big increase in traffic into our country from certain areas, while our people are far more vulnerable, as we wait for what should be EASY D!"
Feb. 8,2:22 p.m.,"Thank you Brian Krzanich, CEO of @Intel. A great investment ($7 BILLION) in American INNOVATION and JOBS! #AmericaFirst"
Feb. 8,2:39 p.m.,‘Immigration Ban Is One Of Trump’s Most Popular Orders So Far’
Feb. 8,4:46 p.m.,"‘Majority in Leading EU Nations Support Trump-Style Travel Ban’ Poll of more than 10,000 people in 10 countries... nbcnews.com/storyl…"
Feb. 8,5:07 p.m.,‘Trump administration seen as more truthful than news media’ bit.ly/2k4b0imEmersonPoll
Feb. 8,8:05 p.m.,"Congratulations to our new Attorney General, @SenatorSessions!"
Feb. 9,6:57 a.m.,"Sen.Richard Blumenthal, who never fought in Vietnam when he said for years he had (major lie),now misrepresents what Judge Gorsuch told him?"
Feb. 9,8:19 a.m.,"Chris Cuomo, in his interview with Sen. Blumenthal, never asked him about his long-term lie about his brave “service” in Vietnam. FAKE NEWS!"
Feb. 9,8:26 a.m.,Sen. McCain should not be talking about the success or failure of a mission to the media. Only emboldens the enemy! He’s been losing so....
Feb. 9,8:31 a.m.,"...long he doesn’t know how to win anymore, just look at the mess our country is in - bogged down in conflict all over the place. Our hero.."
Feb. 9,8:52 a.m.,"..Ryan died on a winning mission ( according to General Mattis), not a “failure.” Time for the U.S. to get smart and start winning again!"
Feb. 9,10:58 a.m.," Join us live in the Oval Office for the swearing in of our new Attorney General, @SenatorSessions! LIVE: bit.ly/2kqq2f0Sessions"
Feb. 10,8:15 a.m.,"LAWFARE: “Remarkably, in the entire opinion, the panel did not bother even to cite this (the) statute.” A disgraceful decision!"
Feb. 10,8:35 a.m.,The failing @nytimes does major FAKE NEWS China story saying “Mr.Xi has not spoken to Mr. Trump since Nov.14.” We spoke at length yesterday!
Feb. 10,6:24 p.m.,Heading to Joint Base Andrews on #MarineOne with Prime Minister Shinzo earlier today.
Feb. 11,7:12 a.m.,Our legal system is broken! “77% of refugees allowed into U.S. since travel reprieve hail from seven suspect countries.” (WT) SO DANGEROUS!
Feb. 11,8:18 a.m.,"I am reading that the great border WALL will cost more than the government originally thought, but I have not gotten involved in the....."
Feb. 11,8:24 a.m.,"...design or negotiations yet. When I do, just like with the F-35 FighterJet or the Air Force One Program, price will come WAY DOWN!"
Feb. 11,8:33 a.m.,"Melania and I are hosting Japanese Prime Minister Shinzo Abe and Mrs. Abe at Mar-a-Lago in Palm Beach, Fla. They are a wonderful couple!"
Feb. 11,1:28 p.m.,Having a great time hosting Prime Minister Shinzo Abe in the United States! facebook.com/DonaldTrump/po... www.instagram.com/p/BQYZ8n8Dtty/
Feb. 11,6:00 p.m.,"I am so proud of my daughter Ivanka. To be abused and treated so badly by the media, and to still hold her head so high, is truly wonderful!"
,6:07 p.m.,"Playef golf today with Prime Minister Abe of Japan and @TheBig_Easy, Ernie Els, and had a great time. Japan is very well represented!"
Feb. 11,6:15 p.m.,"Played golf today with Prime Minister Abe of Japan and @TheBig_Easy, Ernie Els, and had a great time. Japan is very well represented!"
Feb. 11,6:24 p.m.,"A working dinner tonight with Prime Minister Abe of Japan, and his representatives, at the Winter White House (Mar-a-Lago). Very good talks!"
Feb. 11,10:23 p.m., RT @Scavino45: LIVE Joint Statement by President Trump and Prime Minister Shinzo Abe: youtube.com/wa...
Feb. 12,12:02 a.m., #ICYMI: Joint Statement with Prime Minister Shinzo Abe on North Korea.
Feb. 12,6:34 a.m.,"The crackdown on illegal criminals is merely the keeping of my campaign promise. Gang members, drug dealers & others are being removed!"
Feb. 12,6:55 a.m.,"72% of refugees admitted into U.S. (2/3 -2/11) during COURT BREAKDOWN are from 7 countries: SYRIA, IRAQ, SOMALIA, IRAN, SUDAN, LIBYA & YEMEN"
Feb. 12,7:14 a.m.,"While on FAKE NEWS @CNN, Bernie Sanders was cut off for using the term fake news to describe the network. They said technical difficulties!"
Feb. 12,8:04 a.m.,"After two days of very productive talks, Prime Minister Abe is heading back to Japan. L"
Feb. 12,8:23 a.m.,I know Mark Cuban well. He backed me big-time but I wasn’t interested in taking all of his calls.He’s not smart enough to run for president!
Feb. 12,10:41 a.m.,
Feb. 12,5:19 p.m.,
Feb. 13,10:53 a.m., Today I will meet with Canada PM Trudeau and a group of leading business women to discuss women in the workforce. bigstory.ap.org/arti…
Feb. 13,11:59 a.m., Welcome to the @WhiteHouse Prime Minister @JustinTrudeau!
Feb. 13,1:50 p.m.,Wonderful meeting with Canadian PM @JustinTrudeau and a group of leading CEO’s & business women from Canada and and the United States
Feb. 13,9:57 p.m.,Congratulations Treasury Secretary Steven Mnuchin! #ICYMI- watch here:  facebook.com/DonaldTrump/po…
Feb. 13,10:30 p.m., Congratulations to our new #VASecretary Dr. David Shulkin. Time to take care of Veterans who have fought to protect our country!
Feb. 14,9:28 a.m.,The real story here is why are there so many illegal leaks coming out of Washington? Will these leaks be happening as I deal on N.Korea etc?
Feb. 14,3:21 p.m.,Great parent-teacher listening session this morning with @VP Pence & @usedgov Secretary @BetsyDeVos. Watch: youtube.com/watch?v=opufN8…
Feb. 14,4:48 p.m.,‘Remarks by President Trump at Signing of H.J. Resolution 41’ whitehouse.gov/the-press-offi…
Feb. 14,5:50 p.m.,"Obamacare continues to fail. Humana to pull out in 2018. Will repeal, replace & save healthcare for ALL Americans. origin-nyi.thehill.com/policy/healthc…"
Feb. 15,6:40 a.m.,The fake news media is going crazy with their conspiracy theories and blind hatred. @MSNBC & @CNN are unwatchable. @foxandfriends is great!
Feb. 15,7:19 a.m.,Information is being illegally given to the failing @nytimes & @washingtonpost by the intelligence community (NSA and FBI?).Just like Russia
Feb. 15,7:28 a.m.,Thank you to Eli Lake of The Bloomberg View - “The NSA & FBI...should not interfere in our politics...and is” Very serious situation for USA
Feb. 15,7:42 a.m.,Crimea was TAKEN by Russia during the Obama Administration. Was Obama too soft on Russia?
Feb. 15,8:13 a.m.,The real scandal here is that classified information is illegally given out by “intelligence” like candy. Very un-American!
Feb. 15,,ening session with CEO’s of the Retail Industry Leaders Association this morning!
Feb. 15,2:17 p.m.,"Welcome to the United States, @IsraeliPM Benjamin & Sara! #ICYMI Joint Press Conference: facebook.com/DonaldTrump/po…"
Feb. 15,2:45 p.m.,Join me in Florida this Saturday at 5pm for a rally at the Orlando-Melbourne International Airport! Tickets: bit.ly/2lQarqaFLORIDA
Feb. 15,4:34 p.m.,Aetna CEO: Obamacare in ‘Death Spiral’ #RepealAndReplace bloomberg.com/ne…
Feb. 15,6:59 p.m.,"Venezuela should allow Leopoldo Lopez, a political prisoner & husband of @liliantintori (just met w/ @marcorubio) out of prison immediately."
Feb. 16,6:34 a.m.,Stock market hits new high with longest winning streak in decades. Great level of confidence and optimism - even before tax plan rollout!
Feb. 16,6:58 a.m.,"Leaking, and even illegal classified leaking, has been a big problem in Washington for years. Failing @nytimes (and others) must apologize!"
Feb. 16,7:02 a.m.,The spotlight has finally been put on the low-life leakers! They will be caught!
Feb. 16,9:10 a.m.,"FAKE NEWS media, which makes up stories and “sources,” is far more effective than the discredited Democrats - but they are fading fast!"
Feb. 16,9:39 a.m.,"The Democrats had to come up with a story as to why they lost the election, and so badly (306), so they made up a story - RUSSIA. Fake news!"
Feb. 16,6:44 p.m.,‘Trump signs bill undoing Obama coal mining rule’ thehill.com/poli...
Feb. 17,5:13 a.m.,"Despite the long delays by the Democrats in finally approving Dr. Tom Price, the repeal and replacement of ObamaCare is moving fast!"
Feb. 17,6:38 a.m.,"Going to Charleston, South Carolina, in order to spend time with Boeing and talk jobs! Look forward to it."
Feb. 17,6:43 a.m.,Thank you for all of the nice statements on the Press Conference yesterday. Rush Limbaugh said one of greatest ever. Fake media not happy!
Feb. 17,8:16 a.m.,"General Keith Kellogg, who I have known for a long time, is very much in play for NSA - as are three others."
Feb. 17,10:34 a.m., Join me at 11:00am: Watch here: 45.wh.gov/XYQXNw
,4:32 p.m.,"The FAKE NEWS media (failing @nytimes, @CNN, @NBCNews and many more) is not my enemy, it is the enemy of the American people. SICK!"
Feb. 17,6:15 p.m.,“One of the most effective press conferences I’ve ever seen!” says Rush Limbaugh. Many agree.Yet FAKE MEDIA calls it differently! Dishonest
Feb. 17,7:02 p.m.,Looking forward to the Florida rally tomorrow. Big crowd expected!
Feb. 18,8:31 a.m.,Don’t believe the main stream (fake news) media.The White House is running VERY WELL. I inherited a MESS  and am in the process of fixing it.
Feb. 18,8:51 a.m.,"Will be having many meetings this weekend at The Southern White House. Big 5:00 P.M. speech in Melbourne, Florida. A lot to talk about!"
,3:26 p.m.,"Getting ready to leave for Melbourne, Florida. See you all soon!"
Feb. 19,4:57 p.m.,My statement as to what’s happening in Sweden was in reference to a story that was broadcast on @FoxNews concerning immigrants & Sweden.
Feb. 20,9:15 a.m.,Give the public a break - The FAKE NEWS media is trying to say that large scale immigration in Sweden is working out just beautifully. NOT!
Feb. 20,9:33 a.m.,HAPPY PRESIDENTS DAY - MAKE AMERICA GREAT AGAIN!
,2:33 p.m.,Meeting with Generals at Mar-a-Lago in Florida. Very interesting!
Feb. 20,4:00 p.m.,Just named General H.R. McMaster National Security Advisor.
Feb. 20,7:38 p.m.,"Congratulations to our new National Security Advisor, General H.R. McMaster. Video: facebook.com/DonaldTrump/vi…"
Feb. 21,3:46 p.m.,‘Americans overwhelmingly oppose sanctuary cities’ thehill.com/homenews/adm...
Feb. 21,6:23 p.m.,"The so-called angry crowds in home districts of some Republicans are actually, in numerous cases, planned out by liberal activists. Sad!"
Feb. 22,7:20 a.m.,"One thing I will say about Rep. Keith Ellison, in his fight to lead the DNC, is that he was the one who predicted early that I would win!"
Feb. 22,7:50 a.m.,Very much enjoyed my tour of the Smithsonian’s National Museum of African American History and Culture...A great job done by amazing people!
Feb. 23,5:53 p.m.,‘S&P; 500 Edges Higher After Trump Renews Jobs Pledge’ foxbusiness.com/markets/20...
Feb. 23,7:01 p.m.,Seven people shot and killed yesterday in Chicago. What is going on there - totally out of control. Chicago needs help!
Feb. 23,7:06 p.m.,Big interview tonight by Henry Kravis at The Business Council of Washington. Looking forward to it!
Feb. 24,7:31 a.m.,The FBI is totally unable to stop the national security “leakers” that have permeated our government for a long time. They can’t even......
Feb. 24,7:36 a.m.,find the leakers within the FBI itself. Classified information is being given to media that could have a devastating effect on U.S. FIND NOW
Feb. 24,8:49 a.m.,Going to CPAC!
Feb. 24,12:04 p.m., Trump vows to fight ‘epidemic’ of human trafficking bigstory.ap.com/arti...
Feb. 24,10:09 p.m., FAKE NEWS media knowingly doesn’t tell the truth. A great danger to our country. The failing @nytimes has become a joke. Likewise @CNN. Sad!
Feb. 25,7:25 a.m.,Maybe the millions of people who voted to MAKE AMERICA GREAT AGAIN should have their own rally. It would be the biggest of them all!
Feb. 25,8:19 a.m.,The media has not reported that the National Debt in my first month went down by $12 billion vs a $200 billion increase in Obama first mo.
Feb. 25,8:27 a.m.,"Great optimism for future of U.S. business, AND JOBS, with the DOW having an 11th straight record close. Big tax & regulation cuts coming!"
Feb. 25,1:12 p.m.,Weekly Address from @WhiteHouse: 45.wh.gov/Z6FYHt
Feb. 25,4:53 p.m.,I will not be attending the White House Correspondents’ Association Dinner this year. Please wish everyone well and have a great evening!
Feb. 25,5:02 p.m.,"Congratulations to Thomas Perez, who has just been named Chairman of the DNC. I could not be happier for him, or for the Republican Party!"
Feb. 26,6:33 a.m.,"The race for DNC Chairman was, of course, totally “rigged.” Bernie’s guy, like Bernie himself, never had a chance. Clinton demanded Perez!"
Feb. 26,6:42 a.m.,For first time the failing @nytimes will take an ad (a bad one) to help save its failing reputation. Try reporting accurately & fairly!
Feb. 26,1:16 p.m.,"Russia talk is FAKE NEWS put out by the Dems, and played up by the media, in order to mask the big election defeat and the illegal leaks!"
Feb. 26,3:13 p.m.,"Big dinner with Governors tonight at White House. Much to be discussed, including healthcare."
Feb. 27,12:06 p.m., Great meeting with CEOs of leading U.S. health insurance companies who provide great healthcare to the American people.
Feb. 27,4:48 p.m.,"GOP now viewed more favorably than Dems, in Trump era (per NBC/WSJ poll) via @HotlineJosh: scribd.com/docu..."
Feb. 27,9:43 p.m.,I will be interviewed on @foxandfriends at 6:00 A.M. Enjoy!
Feb. 28,8:30 p.m.,Join me live at 9:00 P.M. #JointAddress 45.wh.gov/eXTTGS
Feb. 28,8:42 p.m.,#JointSession #MAGA jointsession.twitter.com
March 1,8:38 a.m.,THANK YOU!
March 2,6:00 a.m.,"Since November 8th, Election Day, the Stock Market has posted $3.2 trillion in GAINS and consumer confidence is at a 15 year high. Jobs!"
March 2,9:22 p.m.,"Jeff Sessions is an honest man. He did not say anything wrong. He could have stated his response more accurately, but it was clearly not...."
March 2,9:27 p.m.,...intentional. This whole narrative is a way of saving face for Democrats losing an election that everyone thought they were supposed.....
March 2,9:35 p.m.,"...to win. The Democrats are overplaying their hand. They lost the election, and now they have lost their grip on reality. The real story..."
March 2,9:38 p.m.,...is all of the illegal leaks of classified and other information. It is a total “witch hunt!”
March 3,7:00 a.m.,"Nick Adams new book, Green Card Warrior, is a must read. The merit-based system is the way to go. Canada, Australia! @foxandfriends"
March 3,7:19 a.m.,It is so pathetic that the Dems have still not approved my full Cabinet.
March 3,11:41 a.m., Weekly Address Join me here: 45.wh.gov/zPTKbq
March 3,12:54 p.m., We should start an immediate investigation into @SenSchumer and his ties to Russia and Putin. A total hypocrite!
,3:47 p.m.,"I hear by demand a second investigation, after Schumer, of Pelosi for her close ties to Russia, and lying about it. politico.com/st..."
March 3,3:48 p.m.,We must fix our education system for our kids to Make America Great Again. Wonderful day at Saint Andrew in Orlando.
March 3,4:02 p.m.,"I hereby demand a second investigation, after Schumer, of Pelosi for her close ties to Russia, and lying about it. poliico.com/st..."
March 3,5:13 p.m.,MAKE AMERICA GREAT AGAIN!
March 4,6:26 a.m.,The first meeting Jeff Sessions had with the Russian Amb was set up by the Obama Administration under education program for 100 Ambs......
March 4,6:42 a.m.,"Just out: The same Russian Ambassador that met Jeff Sessions visited the Obama White House 22 times, and 4 times last year alone."
March 4,6:49 a.m.,Is it legal for a sitting President to be “wire tapping” a race for president prior to an election? Turned down by court earlier. A NEW LOW!
March 4,6:52 a.m.,"I’d bet a good lawyer could make a great case out of the fact that President Obama was tapping my phones in October, just prior to Election!"
March 4,7:02 a.m.,How low has President Obama gone to tapp my phones during the very sacred election process. This is Nixon/Watergate. Bad (or sick) guy!
March 4,8:19 a.m.,"Arnold Schwarzenegger isn’t voluntarily leaving the Apprentice, he was fired by his bad (pathetic) ratings, not by me. Sad end to great show"
March 5,6:32 a.m.,Is it true the DNC would not allow the FBI access to check server or other equipment after learning it was hacked? Can that be possible?
March 5,6:40 a.m.,"Who was it that secretly said to Russian President, “Tell Vladimir that after the election I’ll have more flexibility?” @foxandfriends"
March 5,12:30 p.m., Thank you for the great rallies all across the country. Tremendous support. Make America Great Again!
March 6,4:19 p.m.,‘President Trump Congratulates Exxon Mobil for Job-Creating Investment Program’ whitehouse.gov/the-press-offi…
,4:21 p.m.,"Buy American & hire American are the principals at the core of my agenda, which is: JOBS, JOBS, JOBS! Thank you @exxonmobil."
March 6,4:22 p.m.,"45,000 construction & manufacturing jobs in the U.S. Gulf Coast region. $20 billion investment. We are already winning again, America!"
March 6,6:49 p.m.,There is an incredible spirit of optimism sweeping the country right now—we’re bringing back the JOBS!
March 6,10:49 p.m.," Buy American & hire American are the principles at the core of my agenda, which is: JOBS, JOBS, JOBS! Thank you @exxonmobil."
March 6,10:50 p.m.," Thank you to @exxonmobil for your $20 billion investment that is creating more than 45,000 manufacturing & construction jobs in the USA!"
March 7,7:04 a.m.,"122 vicious prisoners, released by the Obama Administration from Gitmo, have returned to the battlefield. Just another terrible decision!"
March 7,7:13 a.m.,Our wonderful new Healthcare Bill is now out for review and negotiation. ObamaCare is a complete and total disaster - is imploding fast!
March 7,8:13 a.m.,"For eight years Russia “ran over” President Obama, got stronger and stronger, picked-off Crimea and added missiles. Weak! @foxandfriends"
March 7,8:41 a.m.,"Don’t worry, getting rid of state lines, which will promote competition, will be in phase 2 & 3 of healthcare rollout. @foxandfriends"
March 7,8:46 a.m.,i am working on a new system where there will be competition in the Drug Industry. Pricing for the American people will come way down!
March 7,9:14 a.m.,"Don’t let the FAKE NEWS tell you that there is big infighting in the Trump Admin. We are getting along great, and getting major things done!"
March 7,7:14 p.m.,I feel sure that my friend @RandPaul will come along with the new and great health care program because he knows Obamacare is a disaster!
March 8,6:12 a.m.,I have tremendous respect for women and the many roles they serve that are vital to the fabric of our society and our economy.
March 8,6:13 a.m.,"On International Women’s Day, join me in honoring the critical role of women here in America & around the world."
March 8,7:11 a.m.,LinkedIn Workforce Report: January and February were the strongest consecutive months for hiring since August and September 2015
March 8,6:50 p.m.,Met with @RepCummings today at the @WhiteHouse. Great discussion!
March 8,6:54 p.m.,"Great news. We are only just beginning. Together, we are going to #MAGA! instagram.com/p/BRZROKmg-st/"
March 9,8:13 a.m.,RT @foxnation: .@realDonaldTrump’s First Full Month in Office Sees Biggest Jobs Gain ‘In Years’: Report: nation.foxnews.com/20...
March 9,12:01 p.m.," Despite what you hear in the press, healthcare is coming along great. We are talking to many groups and it will end in a beautiful picture!"
March 9,5:36 p.m.,‘U.S. Consumer Comfort Just Reached Its Highest Level in a Decade’ bloomberg.com/amp/news/artic…
March 9,6:11 p.m.,Honored to meet this years @SenateYouth delegates w/ @VP Pence in the East Room of the @WhiteHouse. Congratulations! USSenateYouth.org
March 10,8:32 a.m.,RT @foxandfriends: “Never give up....that’s the worst thing you could do. There’s always a chance.” -Kyle Coddington’s message to those also fighting cancer
March 10,8:45 a.m.,"RT @DRUDGE_REPORT: GREAT AGAIN: +235,000 https://t.co/GkockGNdtC"
March 10,10:40 a.m., Weekly Address - 11:00 A.M. at the @WhiteHouse! #MAGA 45.wh.gov/hcdvxr
March 11,9:39 a.m.,We are making great progress with healthcare. ObamaCare is imploding and will only get worse. Republicans coming together to get job done!
March 12,8:36 a.m.,"RT @AmericaFirstPol: .@POTUS Trump led a historic journey to the White House. 50 days in, that historic journey continues. Take a look facebook.com/pg/POTUS/photo…"
March 13,8:52 a.m.,"It is amazing how rude much of the media is to my very hard working representatives. Be nice, you will do much better!"
March 13,1:20 p.m.,Healthcare listening session w/ @VP & @SecPriceMD. Watch: 45.wh.gov/wmwewc  #ReadTheBill: housegop.leadpages.co/healthcare/ #RepealAndReplace
March 13,4:57 p.m.,Proud to welcome our great Cabinet this afternoon for our first meeting. Unfortunately 4 seats were empty because Senate Dems are delaying!
March 13,6:54 p.m.,"Meeting w/ Washington, D.C. @MayorBowser and Metro GM Paul Wiedefeld about incoming winter storm preparations here in D.C. Everyone be safe!"
March 14,11:00 a.m.," JOBS, JOBS, JOBS!"
March 14,12:12 p.m., Great optimism in America – and the results will be even better! bloomberg.com/ne…
March 15,6:55 a.m.,"Does anybody really believe that a reporter, who nobody ever heard of, “went to his mailbox” and found my tax returns? @NBCNews FAKE NEWS!"
March 15,7:02 a.m.,"Can you imagine what the outcry would be if @SnoopDogg, failing career and all, had aimed and fired the gun at President Obama? Jail time!"
March 15,7:13 a.m.,"Will be going to Detroit, Michigan (love), today for a big meeting on bringing back car production to State & U.S. Already happening!"
March 15,7:29 a.m.,"Looking forward to a big rally in Nashville, Tennessee, tonight. Big crowd of great people expected. Will be fun!"
March 15,8:14 a.m.,CEO’s most optimistic since 2009. It will only get better as we continue to slash unnecessary regulations and when we begin our big tax cut!
March 15,4:55 p.m.,I will be interviewed by @TuckerCarlson tonight at 9:00 P.M. on @FoxNews. Enjoy!
March 15,7:25 p.m.,Thank you Andrew Jackson! #POTUS7 #USA
March 15,8:03 p.m.,"In Nashville, Tennessee! Lets MAKE AMERICA GREAT AGAIN!"
March 16,12:20 a.m.," Thank you Nashville, Tennessee!"
March 16,11:52 a.m., A budget that puts #AmericaFirst must make safety its no. 1 priority—without safety there can be no prosperity: 45.wh.gov/NF9wr4
March 16,4:09 p.m.,"An honor to welcome the Taoiseach of Ireland, @EndaKennyTD to the @WhiteHouse today with @VP Pence."
March 16,5:43 p.m.,RT @USHCC: USHCC was delighted to host @IvankaTrump for a roundtable discussion w/ Hispanic women biz owners today in Washington #USHCCLegislative
March 16,5:54 p.m.,Great progress on healthcare. Improvements being made - Republicans coming together!
March 16,6:43 p.m.,My representatives had a great meeting w/ the Hispanic Chamber of Commerce at the WH today. Look forward to tremendous growth & future mtgs!
March 17,5:35 a.m.,"RT @DiamondandSilk: When the President says “You’re Fired” That means: “Pack Yo Stuff and Go, Not Say “You Refuse to Go!  #DrainTheSwamp  Choo Choo Baby!"
March 17,8:12 a.m.,Happy Lá Fheile Phadraig to all of my great Irish friends!
March 17,8:20 a.m.,RT @FoxNews: Jobs created in February.
March 17,8:26 a.m.,RT @AmericaFirstPol: MAJOR IMPACT: @POTUS Trump is 50 Days in and moving swiftly to get America back on the right track. #MAGA breitbart.com/big-go...
March 17,8:30 a.m.,RT @foxandfriends: VIDEO: Rep. Scalise — GOP agrees on over 85 percent of health care bill video.foxnews.com/v...
March 17,8:34 a.m.,"RT @foxandfriends: FOX NEWS ALERT: Jihadis using religious visa to enter US, experts warn (via @FoxFriendsFirst)"
March 17,9:07 a.m.,North Korea is behaving very badly. They have been “playing” the United States for years. China has done little to help!
March 17,10:07 a.m., “The President Changed. So Has Small Businesses’ Confidence” nytimes.com/20...
March 17,11:39 a.m., Great meeting with the @RepublicanStudy Committee this morning at the @WhiteHouse!
March 18,9:15 a.m.,"Despite what you have heard from the FAKE NEWS, I had a GREAT meeting with German Chancellor Angela Merkel. Nevertheless, Germany owes....."
March 18,9:23 a.m.,"...vast sums of money to NATO & the United States must be paid more for the powerful, and very expensive, defense it provides to Germany!"
March 19,4:20 p.m.,#ICYMI: Weekly Address 45.wh.gov/Jjp2ki
March 20,6:35 a.m.,James Clapper and others stated that there is no evidence Potus colluded with Russia. This story is FAKE NEWS and everyone knows it!
March 20,6:49 a.m.,The Democrats made up and pushed the Russian story as an excuse for running a terrible campaign. Big advantage in Electoral College & lost!
March 20,7:02 a.m.,"The real story that Congress, the FBI and all others should be looking into is the leaking of Classified information. Must find leaker now!"
March 20,8:35 a.m.,Just heard Fake News CNN is doing polls again despite the fact that their election polls were a WAY OFF disaster. Much higher ratings at Fox
March 20,9:14 a.m.,"What about all of the contact with the Clinton campaign and the Russians? Also, is it true that the DNC would not let the FBI in to look?"
March 20,1:15 p.m.,Congratulations Eric & Lara. Very proud and happy for the two of you! RT @EricTrump: .@LaraLeaTrump & I are excited to announce that we are adding a boy to #TeamTrump in September. It’s been an amazing year. We are blessed!
March 20,7:03 p.m.,"Thank you Louisville, Kentucky- on my way! #MAGA"
March 20,10:18 p.m.," Thank you Louisville, Kentucky. Together, we will MAKE AMERICA SAFE AND GREAT AGAIN!"
March 21,1:02 p.m.,Joined the @HouseGOP Conference this morning at the U.S. Capitol. PassTheBill.GOP  #PassTheBill #MAGA instagram.com/p/BR6GSLlALhD/
March 21,1:33 p.m.,"Honored to sign S.442 today. With this legislation, we support @NASA’s scientists, engineers, and astronauts in their pursuit of discovery!"
March 21,2:12 p.m.,"Today on #NationalAgDay, we honor our great American farmers & ranchers. Their hard work & dedication are ingrained in our nation’s fabric."
March 22,9:09 a.m.,Big day for healthcare. Working hard!
March 22,9:03 p.m.,RT @mitchellvii: EXACTLY AS I SAID - House Intel Chair: We Cannot Rule Out Sr. Obama Officials Were Involved in Trump Surveillance thegatewaypundit.com/20...
March 22,9:04 p.m.,RT @mitchellvii: Trump always ends up being right. It’s almost a little freaky.
March 22,9:33 p.m.,Spoke to U.K. Prime Minister Theresa May today to offer condolences on the terrorist attack in London. She is strong and doing very well.
March 23,8:18 a.m.,Just watched the totally biased and fake news reports of the so-called Russia story on NBC and ABC. Such dishonesty!
March 23,11:16 a.m.," A great American, Kurt Cochran, was killed in the London terror attack. My prayers and condolences are with his family and friends."
March 23,12:07 p.m., We are taking action to #RepealANDReplace #Obamacare! Contact your Rep & tell them you support #AHCA. #PassTheBill 45.wh.gov/Rame8F
March 23,6:19 p.m.,It was an honor to welcome so many truckers and trucking industry leaders to the @WhiteHouse today!
March 24,8:14 a.m.,"After seven horrible years of ObamaCare (skyrocketing premiums & deductibles, bad healthcare), this is finally your chance for a great plan!"
March 24,8:23 a.m.,"The irony is that the Freedom Caucus, which is very pro-life and against Planned Parenthood, allows P.P. to continue if they stop this plan!"
March 24,1:03 p.m.,"Today, I was pleased to announce the official approval of the presidential permit for the #KeystonePipeline. A great day for American jobs!"
March 24,1:59 p.m.,"Today, I was thrilled to announce a commitment of $25 BILLION & 20K AMERICAN JOBS over the next 4 years. THANK YOU Charter Communications!"
March 25,9:29 a.m.,Happy #MedalOfHonorDay to our heroes! whitehouse.gov/the-press-offi...
March 25,10:37 a.m., ObamaCare will explode and we will all get together and piece together a great healthcare plan for THE PEOPLE. Do not worry!
March 25,10:41 a.m.,
March 25,6:37 p.m.,Thanks you for all of the Trump Rallies today. Amazing support. We will all MAKE AMERICA GREAT AGAIN!
March 26,8:21 a.m.,"Democrats are smiling in D.C. that the Freedom Caucus, with the help of Club For Growth and Heritage, have saved Planned Parenthood & Ocare!"
March 26,9:04 p.m.,General Kelly is doing a great job at the border. Numbers are way down. Many are not even trying to come in anymore.
March 27,9:26 p.m.,"Why isn’t the House Intelligence Committee looking into the Bill & Hillary deal that allowed big Uranium to go to Russia, Russian speech...."
March 27,9:35 p.m.,"...money to Bill, the Hillary Russian “reset,” praise of Russia by Hillary, or Podesta Russian Company. Trump Russia story is a hoax. #MAGA!"
March 27,9:41 p.m.,The Republican House Freedom Caucus was able to snatch defeat from the jaws of victory. After so many bad years they were ready for a win!
March 27,10:03 p.m.," The Democrats will make a deal with me on healthcare as soon as ObamaCare folds - not long. Do not worry, we are in very good shape!"
March 28,6:36 a.m.,Big announcement by Ford today. Major investment to be made in three Michigan plants. Car companies coming back to U.S. JOBS! JOBS! JOBS!
March 28,11:26 a.m., The failing @NYTimes would do much better if they were honest! nypost.com/20...
March 28,4:57 p.m.,It was an honor to welcome @GLFOP to the @WhiteHouse today with @VP Pence & Attorney General Sessions.  THANK YOU for all you do 24/7/365!
March 28,5:48 p.m.,A NEW ERA IN AMERICAN ENERGY! #MadeInTheUSA Watch here: youtu.be/OdkThe_O50M
March 28,6:41 p.m.,Why doesn’t Fake News talk about Podesta ties to Russia as covered by @FoxNews or money from Russia to Clinton - sale of Uranium?
March 29,8:01 a.m.,"Remember when the failing @nytimes apologized to its subscribers, right after the election, because their coverage was so wrong. Now worse!"
March 29,8:21 a.m.,If the people of our great country could only see how viciously and inaccurately my administration is covered by certain media!
March 29,5:39 p.m.,Today’s EO established a commission on combating drug addiction and the opioid crisis. Watch listening session youtu.be/e27pzcJdD8E
March 29,7:58 p.m.,.@FLOTUS Melania and I were honored to stop by the Women’s Empowerment Panel this afternoon at the @WhiteHouse 45.wh.gov/5v2Pc1
March 29,10:12 p.m., Today we honored our true American heroes on the first-ever National Vietnam War Veterans Day. #ThankAVeteran whitehouse.gov/the-press-offi...
March 30,9:07 a.m.,"The Freedom Caucus will hurt the entire Republican agenda if they don’t get on the team, & fast. We must fight them, & Dems, in 2018!"
March 30,10:27 a.m., The failing @nytimes has disgraced the media world. Gotten me wrong for two solid years. Change libel laws? www.nypost.com/20...
March 30,5:17 p.m.,Great op-ed from @RepKenBuck. Looks like some in the Freedom Caucus are helping me end #Obamacare. thehill.com/blogs/co...
,5:18 p.m.,"If @RepMarkMeadows, @Jim_Jordan and Raul_Labrador would get on board we would have both great healthcare and massive tax cuts & reform."
March 30,5:20 p.m.,"If @RepMarkMeadows, @Jim_Jordan and @Raul_Labrador would get on board we would have both great healthcare and massive tax cuts & reform."
March 30,5:21 p.m.,"Where are @RepMarkMeadows, @Jim_Jordan and @Raul_Labrador? #RepealANDReplace #Obamacare"
March 30,6:16 p.m.,The meeting next week with China will be a very difficult one in that we can no longer have massive trade deficits...
March 30,6:16 p.m.,...and job losses. American companies must be prepared to look at other alternatives.
March 30,9:43 p.m.,Only by enlisting the full potential of women in our society will we be truly able to #MakeAmericaGreatAgain instagram.com/p/BSSNAoMAci3/
March 31,7:04 a.m.,"Mike Flynn should ask for immunity in that this is a witch hunt (excuse for big election loss), by media & Dems, of historic proportion!"
March 31,1:28 p.m.,"Great meeting with a wonderful woman today, former Secretary of State, Condoleezza Rice! #USA"
March 31,1:45 p.m.,#ConfirmGorsuch #SCOTUS
March 31,2:30 p.m.,It is an exciting time for our country! #WeeklyAddress #ConfirmGorsuch
March 31,3:37 p.m.,‘Trump Celebrates American Manufacturing Survey Showing Highest Level of Optimism in 20 Years’ 45.wh.gov/o6bLge
April 1,8:43 a.m.,When will Sleepy Eyes Chuck Todd and @NBCNews start talking about the Obama SURVEILLANCE SCANDAL and stop with the Fake Trump/Russia story?
April 1,9:02 a.m.,It is the same Fake News Media that said there is “no path to victory for Trump” that is now pushing the phony Russia story. A total scam!
,11:35 a.m., RT @DanScavino: .@POTUS @realDonaldTrump signs executive orders on trade that will set the stage for revival in American manufacturing. #Am…
April 1,11:59 a.m.," The failing @nytimes finally gets it - “In places where no insurance company offers plans, there will be no way for ObamaCare customers to.."
April 1,12:06 a.m.," ...use subsidies to buy health plans.” In other words, Ocare is dead. Good things will happen, however, either with Republicans or Dems."
April 1,12:50 p.m.," Wow, @FoxNews just reporting big news. Source: “Official behind unmasking is high up. Known Intel official is responsible. Some unmasked...."
April 1,1:02 p.m.,"..not associated with Russia. Trump team spied on before he was nominated.” If this is true, does not get much bigger. Would be sad for U.S."
April 1,6:21 p.m.,Thank you @JCLayfield -- will get even better as my Administration continues to put #AmericaFirst t.co/AQQzmt10x7
April 2,8:56 a.m.,Anybody (especially Fake News media) who thinks that Repeal & Replace of ObamaCare is dead does not know the love and strength in R Party!
April 2,9:03 a.m.,"Talks on Repealing and Replacing ObamaCare are, and have been, going on, and will continue until such time as a deal is hopefully struck."
April 2,9:34 a.m.,The real story turns out to be SURVEILLANCE and LEAKING! Find the leakers.
April 2,7:58 p.m.,"Melania and I are honored to light up the @WhiteHouse this evening, for #WorldAutismAwarenessDay. Join us & #LIUB. 45.wh.gov/TE8ak1"
April 3,6:15 a.m.,Such amazing reporting on unmasking and the crooked scheme against us by @foxandfriends. “Spied on before nomination.” The real story.
April 3,7:16 a.m.,Was the brother of John Podesta paid big money to get the sanctions on Russia lifted? Did Hillary know?
April 3,7:21 a.m.,Did Hillary Clinton ever apologize for receiving the answers to the debate? Just asking!
April 3,8:51 a.m.,".@FoxNews from multiple sources: “There was electronic surveillance of Trump, and people close to Trump. This is unprecedented.” @FBI"
April 3,12:00 p.m.," Getting ready to meet President al-Sisi of Egypt. On behalf of the United States, I look forward to a long and wonderful relationship."
April 3,1:56 p.m.,Looking forward to hosting our heroes from the Wounded Warrior Project (@WWP) Soldier Ride to the @WhiteHouse on Thursday!
April 3,3:39 p.m.,It was an honor to welcome President Al Sisi of Egypt to the @WhiteHouse as we renew the historic partnership between the U.S. and Egypt.
April 4,8:39 a.m.,RT @DRUDGE_REPORT: RICE ORDERED SPY DOCS ON TRUMP? drudge.tw/2oUA1uA
April 4,2:38 p.m.,.@WhiteHouse #CEOTownHall  45.WH.Gov/iQXunx
April 4,3:38 p.m.,Thank you Sean McGarvey & the entire Governing Board of Presidents for honoring me w/an invite to speak. #NABTU2017 45.WH.Gov/pqxHvm
April 4,5:03 p.m.,Great to talk jobs with #NABTU2017. Tremendous spirit & optimism - we will deliver! thehill.com/policy/tr...
April 5,5:18 p.m.,I am deeply committed to preserving our strong relationship & to strengthening America’s long-standing support forJordan. @KingAbdullahII.
April 5,10:12 p.m.," JOBS, JOBS, JOBS! instagram.com/p/BShtQnLgquy"
April 6,2:30 p.m.,"It was an honor to host our American heroes from the @WWP #SoldierRideDC at the @WhiteHouse today with @FLOTUS, @VP and @SecondLady. #USA"
April 7,7:22 p.m.,RT @IvankaTrump: Very proud of Arabella and Joseph for their performance in honor of President Xi Jinping and Madame Peng Liyuan’s official…
April 8,10:50 a.m., It was a great honor to have President Xi Jinping and Madame Peng Liyuan of China as our guests in the United States. Tremendous...
April 8,10:51 a.m.," ...goodwill and friendship was formed, but only time will tell on trade."
April 8,10:54 a.m.," Congratulations to our great military men and women for representing the United States, and the world, so well in the Syria attack."
April 8,3:00 p.m.,The reason you don’t generally hit runways is that they are easy and inexpensive to quickly fix (fill in and top)!
April 8,3:58 p.m.,Judge Gorsuch will be sworn in at the Rose Garden of the White House on Monday at 11:00 A.M. He will be a great Justice. Very proud of him!
April 9,11:20 a.m., So sad to hear of the terrorist attack in Egypt. U.S. strongly condemns. I have great...
April 9,11:21 a.m., ...confidence that President Al Sisi will handle situation properly.
April 9,9:35 p.m.,Thank you @USNavy! #USA “RT @USNavy: .@POTUS @RealDonaldTrump calls #USSPorter and #USSRoss commanding officers to thank them and crews - go.usa.gov/xXG9n  #SyriaStrikes”
April 10,5:59 p.m.,Congratulations to Justice Neil Gorsuch on his elevation to the United States Supreme Court. A great day for America! #SCOTUS
April 10,7:56 p.m.,"Happy Passover to everyone celebrating in the United States of America, Israel, and around the world. #ChagSameach"
April 11,7:48 a.m.,RT @foxnation: Grateful Syrians React To @realDonaldTrump Strike: ‘I’ll Name My Son Donald’ bit.ly/2oQbg6I  #SyrianStrikes
April 11,7:59 a.m.,I explained to the President of China that a trade deal with the U.S. will be far better for them if they solve the North Korean problem!
April 11,8:03 a.m.,"North Korea is looking for trouble. If China decides to help, that would be great. If not, we will solve the problem without them! U.S.A."
April 11,8:59 a.m.,"Ron Estes is running TODAY for Congress in the Great State of Kansas. A wonderful guy, I need his help on Healthcare & Tax Cuts (Reform)."
April 11,4:27 p.m.,Great Strategic & Policy CEO Forum today with my Cabinet Secretaries and top CEO’s from around the United States #AmericaFirst
April 12,8:22 a.m.,Had a very good call last night with the President of China concerning the menace of North Korea.
April 12,8:37 a.m.,"Great win in Kansas last night for Ron Estes, easily winning the Congressional race against the Dems, who spent heavily & predicted victory!"
April 12,5:48 p.m.,Great meeting w/ NATO Sec. Gen. We agreed on the importance of getting countries to pay their fair share & focus on the threat of terrorism.
April 12,7:09 p.m.,Economic confidence is soaring as we unleash the power of private sector job creation and stand up for the American Workers. #AmericaFirst
April 12,7:10 p.m.,"One by one we are keeping our promises - on the border, on energy, on jobs, on regulations. Big changes are happening!"
April 12,8:32 p.m.,"Jobs are returning, illegal immigration is plummeting, law, order and justice are being restored. We are truly making America great again!"
April 13,9:08 a.m.,"I have great confidence that China will properly deal with North Korea. If they are unable to do so, the U.S., with its allies, will! U.S.A."
April 13,9:16 a.m.,Things will work out fine between the U.S.A. and Russia. At the right time everyone will come to their senses & there will be lasting peace!
April 13,3:21 p.m.,It was a great honor to welcome Atlanta’s heroic first responders to the White House this afternoon!
April 13,11:18 p.m., RT @DRUDGE_REPORT: GREAT AGAIN: FEDS ARREST MURDER SUSPECT IN ‘FAST AND FURIOUS’ SCANDAL... fxn.ws/2o7NY8K
April 14,4:41 p.m.,Weekly Address- 45.wh.gov/yaWaiv
April 14,5:46 p.m.,RT @FLOTUS: Looking forward to hosting the annual Easter Egg Roll at the @WhiteHouse on Monday!
April 16,8:18 a.m.,Why would I call China a currency manipulator when they are working with us on the North Korean problem? We will see what happens!
April 16,8:24 a.m.,Happy Easter to everyone!
April 16,9:07 a.m.,I did what was an almost an impossible thing to do for a Republican-easily won the Electoral College! Now Tax Returns are brought up again?
April 16,9:13 a.m.,Someone should look into who paid for the small organized rallies yesterday. The election is over!
April 16,9:41 a.m.,"Our military is building and is rapidly becoming stronger than ever before. Frankly, we have no choice!"
April 16,8:45 p.m.,"The recent Kansas election (Congress) was a really big media event, until the Republicans won. Now they play the same game with Georgia-BAD!"
April 17,8:07 a.m.,“The first 90 days of my presidency has exposed the total failure of the last eight years of foreign policy!” So true. @foxandfriends
April 17,8:13 a.m.,A great book for your reading enjoyment: “REASONS TO VOTE FOR DEMOCRATS” by Michael J. Knowles.
April 17,8:17 a.m.,The Fake Media (not Real Media) has gotten even worse since the election. Every story is badly slanted. We have to hold them to the truth!
April 17,9:31 a.m.,"The super Liberal Democrat in the Georgia Congressioal race tomorrow wants to protect criminals, allow illegal immigration and raise taxes!"
April 17,9:35 a.m.,RT @DRUDGE_REPORT: TRUMP APPROVAL HITS 50% TRUMP APPROVAL HITS 50% bit.ly/2oOVdFR
April 17,6:38 p.m.,TRUMP APPROVAL HITS 50% m.rasmussenreports.com/public_content…
April 17,6:41 p.m.,See you tomorrow Wisconsin! ‘Trump spurs small-business optimism in Milwaukee area’ jsonline.com...
April 17,10:18 p.m.," With eleven Republican candidates running in Georgia (on Tuesday) for Congress, a runoff will be a win. Vote “R” for lower taxes & safety!"
April 18,5:39 a.m.,The weak illegal immigration policies of the Obama Admin. allowed bad MS 13 gangs to form in cities across U.S. We are removing them fast!
April 18,5:48 a.m.,I will be interviewed on @foxandfriends by @ainsleyearhardt starting at 6:00 A.M. Enjoy!
April 18,6:38 a.m.,"Democrat Jon Ossoff would be a disaster in Congress. VERY weak on crime and illegal immigration, bad for jobs and wants higher taxes. Say NO"
April 18,6:46 a.m.,Republicans must get out today and VOTE in Georgia 6. Force runoff and easy win! Dem Ossoff will raise your taxes-very bad on crime & 2nd A.
April 18,4:38 p.m.,"Just learned that Jon @Ossoff, who is running for Congress in Georgia, doesn’t even live in the district. Republicans, get out and vote!"
April 18,4:56 p.m.,#BuyAmericanHireAmerican Watch 45.wh.gov/npcpYM
April 19,12:09 a.m.," Despite major outside money, FAKE media support and eleven Republican candidates, BIG “R” win with runoff in Georgia. Glad to be of help!"
April 19,8:43 p.m.,Dems failed in Kansas and are now failing in Georgia. Great job Karen Handel! It is now Hollywood vs. Georgia on June 20th.
April 19,1:31 p.m.,#BuyAmericanHireAmerican t.co/JPEXQTVR1E
April 19,9:34 p.m.,A great honor to host the @SuperBowl Champion New England @Patriots at the White House today. Congratulations! whitehouse.gov/the-press-offi …
April 20,9:48 a.m.,"Failing @nytimes, which has been calling me wrong for two years, just got caught in a big lie concerning New England Patriots visit to W.H."
April 20,3:33 p.m.,"We’re going to use American steel, we’re going to use American labor, we are going to come first in all deals. 45.wh.gov/7xvM2D"
April 20,5:35 p.m.,A great honor to host PM Paolo Gentiloni of Italy at the White House this afternoon! #ICYMI- Joint Press Conference: 45.wh.gov/32jE1S
April 21,6:11 a.m.,RT @foxandfriends: NYT editor apologizes for misleading tweet about New England Patriots’ visit to the White House (via @FoxFriendsFirst)
April 21,6:32 a.m.,Another terrorist attack in Paris. The people of France will not take much more of this. Will have a big effect on presidential election!
April 21,6:50 a.m.,"No matter how much I accomplish during the ridiculous standard of the first 100 days, & it has been a lot (including S.C.), media will kill!"
April 21,9:04 a.m.,"China is very much the economic lifeline to North Korea so, while nothing is easy, if they want to solve the North Korean problem, they will"
April 21,4:22 p.m.,"WELCOME HOME, AYA! GodBlessTheUSA t.co/CR4I8dvunc"
April 21,4:22 p.m.,"RT @Scavino45: .@POTUS @realDonaldTrump, @IvankaTrump, Jared Kushner, & Dina Powell in the Oval Office today w/ Aya & her brother Basel. #WelcomeHomeAya"
April 21,8:43 p.m.,‘Presidential Executive Order on Identifying and Reducing Tax Regulatory Burdens’ Executive Order: 45.wh.gov/HirRFJ
April 21,11:38 p.m.," After 5 SB victories since 2002, it was my honor to give Bob Kraft, Coach Belichick, and the players their first tour of the WH Residence."
April 22,11:18 a.m.," RT @foxandfriends: Chicago approves new plan to hide illegal immigrants from the feds, plus give them access to city services"
April 22,11:18 a.m., RT @foxandfriends: Israeli PM Netanyahu praises U.S. policy changes during meeting with Defense. Sec Mattis
April 22,12:05 p.m., Getting ready to visit Walter Reed Medical Center with Melania. Looking forward to seeing our bravest and greatest Americans!
April 22,12:10 p.m., Next Saturday night I will be holding a BIG rally in Pennsylvania. Look forward to it!
April 22,12:15 p.m., Big TAX REFORM AND TAX REDUCTION will be announced next Wednesday.
April 22,3:01 p.m.,"Today on Earth Day, we celebrate our beautiful forests, lakes and land. We stand committed to preserving the natural beauty of our nation."
April 22,5:49 p.m.,I am committed to keeping our air and water clean but always remember that economic growth enhances environmental protection. Jobs matter!
April 23,10:05 a.m., Very interesting election currently taking place in France.
April 23,10:07 a.m.," Thank you Lake Worth, Florida. @foxandfriends"
April 23,10:20 a.m., ObamaCare is in serious trouble. The Dems need big money to keep it going - otherwise it dies far sooner than anyone would have thought.
April 23,11:42 a.m., The Democrats don’t want money from budget going to border wall despite the fact that it will stop drugs and very bad MS 13 gang members.
April 23,11:44 a.m.," Eventually, but at a later date so we can get started early, Mexico will be paying, in some form, for the badly needed border wall."
April 23,3:48 p.m.,New polls out today are very good considering that much of the media is FAKE and almost always negative. Would still beat Hillary in .....
April 23,3:55 p.m.,...popular vote. ABC News/Washington Post Poll (wrong big on election) said almost all stand by their vote on me & 53% said strong leader.
April 24,8:28 a.m.,The Wall is a very important tool in stopping drugs from pouring into our country and poisoning our youth (and many others)! If
,10:02 a.m., #CongratsPeggy! twitter.com/nasa/status/85…
April 24,11:31 a.m.," ....the wall is not built, which it will be, the drug situation will NEVER be fixed the way it should be! #BuildTheWall"
April 24,1:11 p.m.,Join me in congratulating @NASA’s @AstroPeggy by using the hashtag #CongratsPeggy! Earlier today: 45.wh.gov/YBZbAo
April 24,1:18 p.m.,"If our healthcare plan is approved, you will see real healthcare and premiums will start tumbling down. ObamaCare is in a death spiral!"
April 24,4:32 p.m.,"Today, I signed the Holocaust Remembrance Proclamation: facebook.com/DonaldTrump/po… #ICYMI- My statement last night at the @WorldJewishCong."
April 25,7:23 a.m.,Proud of @IvankaTrump for her leadership on these important issues. Looking forward to hearing her speak at the W20!
April 25,8:30 a.m.,Canada has made business for our dairy farmers in Wisconsin and other border states very difficult. We will not stand for this. Watch!
April 25,8:36 a.m.,"Don’t let the fake media tell you that I have changed my position on the WALL. It will get built and help stop drugs, human trafficking etc."
April 25,1:51 p.m.,Remarks at the United States Holocaust Memorial Museum’s National Days of Remembrance. Full remarks: 45.wh.gov/JNe7BJ
April 25,7:32 p.m.,‘Presidential Executive Order on Promoting Agriculture and Rural Prosperity in America’ Executive Order: 45.wh.gov/UDWud3
April 26,6:20 a.m.,First the Ninth Circuit rules against the ban & now it hits again on sanctuary cities-both ridiculous rulings. See you in the Supreme Court!
April 26,6:30 a.m.,"Out of our very big country, with many choices, does everyone notice that both the “ban” case and now the “sanctuary” case is brought in ..."
April 26,6:38 a.m.,"...the Ninth Circuit, which has a terrible record of being overturned (close to 80%). They used to call this “judge shopping!” Messy system."
April 26,6:51 a.m.,The U.S. recorded its slowest economic growth in five years (2016). GDP up only 1.6%. Trade deficits hurt the economy very badly.
April 26,10:53 a.m.," HAPPY BIRTHDAY to our @FLOTUS, Melania! 45.wh.gov/9zVkh6"
April 26,2:10 p.m.,"Today, I signed an Executive Order @ the U.S. Dept. of @Interior: ‘Review of Designations Under the Antiquities Act’ 45.wh.gov/sEyoN8"
April 26,4:49 p.m.,
April 26,,igned an Executive Order on Enforcing Statutory Prohibitions on Federal Control of Education. EO: 45.wh.gov/hpoJya
April 26,6:27 p.m.,"A great great honor to welcome & recognize the National Teacher of the Year, as well as the Teacher of the Year from each State & territory!"
April 26,7:06 p.m.,"Democrats are trying to bail out insurance companies from disastrous #ObamaCare, and Puerto Rico with your tax dollars. Sad!"
April 27,7:12 a.m.,I received calls from the President of Mexico and the Prime Minister of Canada asking to renegotiate NAFTA rather than terminate. I agreed..
April 27,7:21 a.m.,"...subject to the fact that if we do not reach a fair deal for all, we will then terminate NAFTA. Relationships are good-deal very possible!"
April 27,7:30 a.m.,The Democrats want to shut government if we don’t bail out Puerto Rico and give billions to their insurance companies for OCare failure. NO!
April 27,10:37 a.m., I want to help our miners while the Democrats are blocking their healthcare.
April 27,10:37 a.m., What’s more important? Rebuilding our military - or bailing out insurance companies? Ask the Democrats.
April 27,10:38 a.m., Democrats jeopardizing the safety of our troops to bail out their donors from insurance companies. It is time to put #AmericaFirst
April 27,10:39 a.m., Democrats used to support border security — now they want illegals to pour through our borders.
April 27,10:39 a.m., As families prepare for summer vacations in our National Parks - Democrats threaten to close them and shut down the government. Terrible!
April 27,2:59 p.m.,.@FLOTUS Melania and I were honored to welcome Argentina President @MauricioMacri and First Lady Juliana Awada to the @WhiteHouse today
April 27,5:42 p.m.,"Presidential Memorandum for the @CommerceGov, @SecretaryRoss re: Aluminum Imports and Threats to National Security: 45.wh.gov/rGqJES"
April 27,6:43 p.m.,"Today, I signed an Executive Order on Improving Accountability and Whistleblower Protection at the @DeptVetAffairs: 45.wh.gov/GSrvb2"
April 28,8:12 a.m.,RT @foxandfriends: Former President Obama’s $400K Wall Street speech stuns liberal base; Sen. Warren saying she “was troubled by that”
April 28,8:15 a.m.,"We are making tremendous progress with the V. A. There has never been so much done so quickly, and we have just started. We love our VETS!"
April 28,6:31 p.m.,I will be interviewed by @MarthaMaccallum on @FoxNews tonight at 7pm. Enjoy!
April 28,7:26 p.m.,"North Korea disrespected the wishes of China & its highly respected President when it launched, though unsuccessfully, a missile today. Bad!"
April 28,10:34 p.m., RT @foxnation: . @TuckerCarlson : #Dems Don't Really Believe #Trump Is a Pawn of #Russia - That's Just Their Political Tool
April 28,10:40 p.m.," .@LouDobbs just stated that ""President Trump's successes are unmatched in recent presidential history""  Thank you Lou!"
April 29,11:35 a.m.," Looking forward to RALLY in the Great State of Pennsylvania tonight at 7:30. Big crowd, big energy!"
April 29,1:39 p.m.,"Mainstream (FAKE) media refuses to state our long list of achievements, including 28 legislative signings, strong borders & great optimism!"
